blockNumber,timestamp,hash,from,to,amount,gasPrice,gas
17568605,,0x258e7cbd3d903ea246ba0c7af29d90eaeef5dd6127a903632b8de8cd03f43170,0x3cd751e6b0078be393132286c442345e5dc49699,0x207841b7ae1ae7757b5e8a1672b3f7fc1df60b9d,13642820000000000,13637509353,21000
17568612,,0xdff31de63f784d898c51a743cbf78d9aa352732567ce06c822340fcea318bfeb,0x207841b7ae1ae7757b5e8a1672b3f7fc1df60b9d,0xc349a63e753be1978abe33a9da785c58a0be734d,0,15024868229,154755
17568710,,0x237d5d744c72099521004e19b1b82dbd608e4c369e20839c1188c2b2905ab72f,0x207841b7ae1ae7757b5e8a1672b3f7fc1df60b9d,0x000000000000ad05ccc4f10045630fb830b95127,4000000000000000,12336252714,515638
17570870,,0x6d91fdbb25c46e576c3fd9bfbbc5906201b7043c140040b30de41278f71e1688,0x207841b7ae1ae7757b5e8a1672b3f7fc1df60b9d,0x51de0c0915e2e1aca6f53a3b90ffbe8c79309dc7,4110724278483148,17403881396,21000
17579323,,0x5e669773d49f84d8fd96b414e0f4a0a96d5125d3d9a9878d59229374128e9250,0x207841b7ae1ae7757b5e8a1672b3f7fc1df60b9d,0x50d9691ec02a90339f060a53b3cfb985fcea807c,8854018490684000,21879509790,21000
17588638,,0x0d73739fe2d620e6f4267de48ee3a359cbcfbd7060d81b098a589437f02ae9a9,0x207841b7ae1ae7757b5e8a1672b3f7fc1df60b9d,0xc02aaa39b223fe8d0a0e5c4f27ead9083c756cc2,25916946983645327,29000000000,52244
17588943,,0x6d424cd2e9bfdeadff85038d2d7d6747dc8cf8aa6b9e7c2846a6ceff62a72915,0x207841b7ae1ae7757b5e8a1672b3f7fc1df60b9d,0xc02aaa39b223fe8d0a0e5c4f27ead9083c756cc2,0,19886698680,69420
17590377,,0xcc115a9387013745e23e646f44535e458b918b4a46ad27346aec6a783d3d87dc,0x207841b7ae1ae7757b5e8a1672b3f7fc1df60b9d,0xc02aaa39b223fe8d0a0e5c4f27ead9083c756cc2,0,35000000000,41791
17594365,,0x85eb71fd36203dbf97f3940093d84776401d407d356b07fa4c9f93a4f66b7734,0x207841b7ae1ae7757b5e8a1672b3f7fc1df60b9d,0x51de0c0915e2e1aca6f53a3b90ffbe8c79309dc7,10372314218886947,38274785954,21000
17596087,,0x6573b71faaef19fed4fb1976f3bd0a79f38300d26c2e4c748f38761249f82d11,0x207841b7ae1ae7757b5e8a1672b3f7fc1df60b9d,0x00000000000000adc04c56bf30ac9d3c0aaf14dc,4900000000000000,15744862847,251899
17596312,,0x071dca916b2444192fcf238d9e6d130b85e8f9d4f8d76e994ab3ee6dc1c0ced0,0x207841b7ae1ae7757b5e8a1672b3f7fc1df60b9d,0x51de0c0915e2e1aca6f53a3b90ffbe8c79309dc7,9489386643363134,19377731852,21000
17611150,,0xf7c190594762f27075cd8a7ea7d1532afda6c682961de1467e3676d93c1bc3d7,0x207841b7ae1ae7757b5e8a1672b3f7fc1df60b9d,0xda6e0b97c3ad96ccbd86e3d79e65b9d67cca830d,51270088261456942,14583061406,21000
17645370,,0x8828c6af8b200c5dc05de55680bad49701f47477a7c67470d5732019e852b0cc,0x207841b7ae1ae7757b5e8a1672b3f7fc1df60b9d,0x51de0c0915e2e1aca6f53a3b90ffbe8c79309dc7,4908045080125058,51326504543,21000
17650533,,0x06e1c7497807b3ebe0aee37027021b502488cbb3caf3a36359a386cdbc2c2803,0x207841b7ae1ae7757b5e8a1672b3f7fc1df60b9d,0x51de0c0915e2e1aca6f53a3b90ffbe8c79309dc7,248923404597000,20363688916,21000
17675780,,0x015e83056b84fe7ef6e4b6878f0d4bc3b07481413c3101ef19a92a10f5d42d5e,0x207841b7ae1ae7757b5e8a1672b3f7fc1df60b9d,0x00000000000000adc04c56bf30ac9d3c0aaf14dc,18000000000000000,15503251890,220707
17678652,,0xc47175b62813e6c25497ad874d2b903478bb206888104a242531f60edad1f71e,0x207841b7ae1ae7757b5e8a1672b3f7fc1df60b9d,0x51de0c0915e2e1aca6f53a3b90ffbe8c79309dc7,4251892756634946,39266215392,21000
17682957,,0x6cdf2b61586384654f57f629d837eaed489d98884803a6fbdfb5256c66c9ec03,0x207841b7ae1ae7757b5e8a1672b3f7fc1df60b9d,0xbc4c9777c22fe519fd890bc6961ff1554c3f13ac,0,14105527994,94278
17687884,,0x65abfe466aa65a47358230b9ee39c1d50e816728f412c5faa82e7cddb8ccdab3,0x207841b7ae1ae7757b5e8a1672b3f7fc1df60b9d,0x00000000000000adc04c56bf30ac9d3c0aaf14dc,23000000000000000,21144771017,242704
17689344,,0x6b0412daa2f49aade78bd3def94f0ee83e095bf719da05262c2da994a573b0d5,0x207841b7ae1ae7757b5e8a1672b3f7fc1df60b9d,0x51de0c0915e2e1aca6f53a3b90ffbe8c79309dc7,9938332645932000,19942012014,21000
17730463,,0xe30175a21a2c830f7886cf51bbf7bf3c49f8083199440fcd1a1583e7fbe5d42c,0x207841b7ae1ae7757b5e8a1672b3f7fc1df60b9d,0x00000000000000adc04c56bf30ac9d3c0aaf14dc,15400000000000000,22215444508,269635
17731419,,0xf6424d16cdda8f9febcc3d9dc90c9d44a446f0bab2c5191578c1c6d623875bb4,0x207841b7ae1ae7757b5e8a1672b3f7fc1df60b9d,0xe6d115a05a6483b9969e97553ed23111705afb57,0,19770798866,83776
17731464,,0xa73b96f0aa932a4f94e67ee92faa89c3c5617995270e9215a35a05b6739ff7cf,0x207841b7ae1ae7757b5e8a1672b3f7fc1df60b9d,0x8c2d9c1a98944963b4693f5d30f57056aa2485ce,10539129151758190,17840098579,21000
17739794,,0xa0ffae0e1e33620695c17b97dfc5d158dd8228fcd6fcd4255659a2a418fc66bc,0x207841b7ae1ae7757b5e8a1672b3f7fc1df60b9d,0xadbd832e48c2bca6bed76b3ba06e9d41808953b5,0,18091951062,284997
17767726,,0xfa99fa69823d85c79ba044c68a19af435a300e07b95be29b928a208664e3ab1f,0x207841b7ae1ae7757b5e8a1672b3f7fc1df60b9d,0x00000000000000adc04c56bf30ac9d3c0aaf14dc,13000000000000000,18564144526,226462
17773986,,0x4083d1ad4bb27f12199bcd575578654aae50646a2659cc04b77a9b9eb143f355,0x207841b7ae1ae7757b5e8a1672b3f7fc1df60b9d,0x00000000000000adc04c56bf30ac9d3c0aaf14dc,2500000000000000,18676990966,245070
17776181,,0x784bd7e77ed5ae955edce175fadee91d089d9c128ad81310dfcb3d3a9c629224,0x207841b7ae1ae7757b5e8a1672b3f7fc1df60b9d,0x2079812353e2c9409a788fbf5f383fa62ad85be8,0,26695486816,125401
17776339,,0xc4926af600f1240eb3fdaedff6d8a83a2025cba55aaeca98fbddbe7e73a7d56b,0x207841b7ae1ae7757b5e8a1672b3f7fc1df60b9d,0x00000000000000adc04c56bf30ac9d3c0aaf14dc,3100000000000000,16119316082,219315
17778737,,0x2de96c7d350e439ae2c5230a777cf26d4ced2ca0c3b1479424bbad540197681d,0x207841b7ae1ae7757b5e8a1672b3f7fc1df60b9d,0x26d6c3e7aefce970fe3be5d589dbabfd30026924,0,40453068286,197004
17781166,,0x15539623da07c2138df8e860aa15a9b1ad8100dda3c956568b852f9dafb3ac9f,0x207841b7ae1ae7757b5e8a1672b3f7fc1df60b9d,0xc02aaa39b223fe8d0a0e5c4f27ead9083c756cc2,21000000000000000,18473486767,67557
17785463,,0xaa376f26a3bf2d531daa5ca9c9480b7575968097deaa306251886e834e646b1b,0x207841b7ae1ae7757b5e8a1672b3f7fc1df60b9d,0xc02aaa39b223fe8d0a0e5c4f27ead9083c756cc2,0,81000000000,41777
17786248,,0x21f154199120f1836d3fcad67d002984e7d5352be4c1c34161fd9d10d87865da,0x264bd8291fae1d75db2c5f573b07faa6715997b5,0x207841b7ae1ae7757b5e8a1672b3f7fc1df60b9d,31072460000000000,47008423197,500000
17786303,,0x9fbccfe36a82b1d89c45c9ae0c8b135231dc6d9e29241b4fa42089990335f77d,0x207841b7ae1ae7757b5e8a1672b3f7fc1df60b9d,0x0000000000a39bb272e79075ade125fd351887ac,53000000000000000,50429100886,75811
17786351,,0xacd8ef6237ec0b801a4a244dc55fa342a9ee6732e0ffc989556cce6e380d1a37,0x207841b7ae1ae7757b5e8a1672b3f7fc1df60b9d,0x0000000000a39bb272e79075ade125fd351887ac,0,40830217977,61446
17787657,,0xed6eac097d1159c1b76a57bb0e883fc01d228a43e2de999d1d77e89be256a0a5,0x207841b7ae1ae7757b5e8a1672b3f7fc1df60b9d,0x00000000000000adc04c56bf30ac9d3c0aaf14dc,52000000000000000,25836733218,216937
17787688,,0x253eba9798b8944fc9095eb669980f2bb4f28ab87abbf8bdbf55d9902be2a2bd,0x207841b7ae1ae7757b5e8a1672b3f7fc1df60b9d,0x51de0c0915e2e1aca6f53a3b90ffbe8c79309dc7,20463965448075403,26218010102,21000
17795829,,0xdf8eb328b66098eedff223e05ff25ed248a1d8cebfd4f224f9c27906f2f9d7d1,0x207841b7ae1ae7757b5e8a1672b3f7fc1df60b9d,0xa0c68c638235ee32657e8f720a23cec1bfc77c77,13000000000000000,18274216793,141694
17803864,,0x6b4e54a01ce8f7544e4d991699ea929195d3be9c9e44798d54e3daadeb4174aa,0x207841b7ae1ae7757b5e8a1672b3f7fc1df60b9d,0xc02aaa39b223fe8d0a0e5c4f27ead9083c756cc2,3300000000000000,15403984475,67557
17817544,,0xfdceebd5ae6feac04f8dc83495df52411669ca738e37c0827e741e8299bd2d08,0x207841b7ae1ae7757b5e8a1672b3f7fc1df60b9d,0x51de0c0915e2e1aca6f53a3b90ffbe8c79309dc7,645387646366353,18534081667,21000
17822113,,0x0bbc235bd9fb71013bfeb8b5da399e066e35e56b3e467e866a3cdec5c44ccd3d,0x207841b7ae1ae7757b5e8a1672b3f7fc1df60b9d,0xc02aaa39b223fe8d0a0e5c4f27ead9083c756cc2,1100000000000000,29932550914,41907
17835896,,0xe409cf0321e9f1fe2fafa754231aad85eb385c7126360bcf6db781a65ff1035e,0x207841b7ae1ae7757b5e8a1672b3f7fc1df60b9d,0xc02aaa39b223fe8d0a0e5c4f27ead9083c756cc2,9600000000000000,62055894745,41907
17838394,,0x2b1508cfc8bc4f2a5c5ba97122f8069a14768aef51b9cad38ec6418b8a1128d2,0x207841b7ae1ae7757b5e8a1672b3f7fc1df60b9d,0xc02aaa39b223fe8d0a0e5c4f27ead9083c756cc2,1633444226046900,23000000000,32408
17857494,,0x8c1b7d60298ceb90869b96b5d55e66e833fd179622411385215fad8b003b8e8f,0x207841b7ae1ae7757b5e8a1672b3f7fc1df60b9d,0xc02aaa39b223fe8d0a0e5c4f27ead9083c756cc2,0,23000000000,41791
17857528,,0xf5ac2df58e2561a76fad324686750fa6eb7d7173a8b57738a0890f3cd6cf46e8,0x207841b7ae1ae7757b5e8a1672b3f7fc1df60b9d,0x00000000000000adc04c56bf30ac9d3c0aaf14dc,12690000000000000,14953222760,284554
17858041,,0xd3a6fab4e44dd15f9378c31ca71b3b84a43871679ebd444149a559f34e36b528,0x207841b7ae1ae7757b5e8a1672b3f7fc1df60b9d,0x51de0c0915e2e1aca6f53a3b90ffbe8c79309dc7,8741820343271538,15814830687,21000
17868575,,0x8131c9371dda83c83c9f221b02a6abf467f00d68069d980decb446142e55beb2,0x207841b7ae1ae7757b5e8a1672b3f7fc1df60b9d,0x00000000000000adc04c56bf30ac9d3c0aaf14dc,21800000000000000,18100080859,375586
17872895,,0x46c86ea0978d30f3cecb42ee0d629bdde84d1ee5dc8ba51bbb371d602f26f25e,0x207841b7ae1ae7757b5e8a1672b3f7fc1df60b9d,0x4e5da991b56f7b90b5a63da8d1daa45fe841d5fb,0,36230238472,80832
17872953,,0x58454925d4491dc8acd78561370861183a17a61fd454790826bd7e4c011187eb,0x207841b7ae1ae7757b5e8a1672b3f7fc1df60b9d,0xe6d115a05a6483b9969e97553ed23111705afb57,0,26256643986,83776
17873184,,0x38d2e30f04853a9e5b7453f2021841a01451adc4492146c89ef73007de86d171,0x207841b7ae1ae7757b5e8a1672b3f7fc1df60b9d,0x4e5da991b56f7b90b5a63da8d1daa45fe841d5fb,0,44290000000,109800
17882738,,0x1c88c128714cbebef54cf21c9c6d38915764359eb87717902d6b524e18fa9b28,0x207841b7ae1ae7757b5e8a1672b3f7fc1df60b9d,0x5e5ec06ba26c2cd8391f5f6ff77a78f7be3ca2ee,32447077464696000,14316633200,21000
17918606,,0xb0bd5fba7a581114f23a60d9cb8b2fb3eee4eb9c3f97d5582293b9754e14adeb,0x207841b7ae1ae7757b5e8a1672b3f7fc1df60b9d,0x00000000000000adc04c56bf30ac9d3c0aaf14dc,10900000000000000,14620223722,219690
17918624,,0x3c80327adc058a9b59d898db82c74bb934e8fafed2af501d9d754fb027e90de7,0x207841b7ae1ae7757b5e8a1672b3f7fc1df60b9d,0xadbd832e48c2bca6bed76b3ba06e9d41808953b5,0,17379999999,451069
17925008,,0x228686e9d04ce1a8fed36128a993be1bbbb44a7920f77ac9aef68ee5686c7cf5,0x207841b7ae1ae7757b5e8a1672b3f7fc1df60b9d,0xadbd832e48c2bca6bed76b3ba06e9d41808953b5,5000000000000000,17713882942,164169
17936978,,0x07dbbd5144d882d16fd0b7dc24b5e37345d3252290a24887e138b05231973b81,0x207841b7ae1ae7757b5e8a1672b3f7fc1df60b9d,0xadbd832e48c2bca6bed76b3ba06e9d41808953b5,0,40226586446,100911
17936981,,0x998ebf9d5834a0348fb6da0aa4f6ffaf19dca86f131149f42c9cffe0407bce2e,0x207841b7ae1ae7757b5e8a1672b3f7fc1df60b9d,0xe6d115a05a6483b9969e97553ed23111705afb57,0,39732422620,80833
17937023,,0xea0c8dc715cb018798e3ab6842f7aa40ce9f1725f3c5eea330916204833e5b4a,0x207841b7ae1ae7757b5e8a1672b3f7fc1df60b9d,0xe6d115a05a6483b9969e97553ed23111705afb57,0,36074127784,109833
17938842,,0x09d285da0c9f3fe142d951e9771417e5256e6efaecac006334f20ae4f6989287,0x207841b7ae1ae7757b5e8a1672b3f7fc1df60b9d,0xadbd832e48c2bca6bed76b3ba06e9d41808953b5,0,23354052782,115159
17945078,,0x9405da024aeaceaffca0ce61b6d46f305b5ab68f59827fade3831cd9d8e5d181,0x207841b7ae1ae7757b5e8a1672b3f7fc1df60b9d,0x2f889a7a78e6bbc66e67107864b01338ea1e102d,9640615914849600,15868031506,21000
17972538,,0xc6f1ea2caef4f937696ff7f8d9571b5f0156a627a6df187b408c976ff3ce3e07,0x207841b7ae1ae7757b5e8a1672b3f7fc1df60b9d,0x8c2d9c1a98944963b4693f5d30f57056aa2485ce,29000000000000000,33971260490,21000
18018210,,0xbd184fb98e1b5a5b36cdc687281dc288d62ffb34e8e7c378c89853cd5da1ef5d,0x207841b7ae1ae7757b5e8a1672b3f7fc1df60b9d,0xc349a63e753be1978abe33a9da785c58a0be734d,0,18658200138,148203
18023923,,0x9379419c584357a1054e54f122a7d424836e3e7243f91c5fdfd9df4b01ad5426,0x207841b7ae1ae7757b5e8a1672b3f7fc1df60b9d,0xadbd832e48c2bca6bed76b3ba06e9d41808953b5,0,21295580281,115159
18023928,,0xd03547b387a7445d5bcb00d7560f799d61817b8570e8fd8c946ccf8f833ec0c6,0x207841b7ae1ae7757b5e8a1672b3f7fc1df60b9d,0xe6d115a05a6483b9969e97553ed23111705afb57,0,20361737033,109815
18032778,,0xb35a8d8f86f947414dc21b2a0d1c2cced20406b1d0e0e5300166592de7bfecb9,0x207841b7ae1ae7757b5e8a1672b3f7fc1df60b9d,0x8c2d9c1a98944963b4693f5d30f57056aa2485ce,4000000000000000,14969991133,21000
18032812,,0x02efa6b51fc0cd4a410607c30273e89df035758273274ad7eef6239058684fa0,0x207841b7ae1ae7757b5e8a1672b3f7fc1df60b9d,0x5e5ec06ba26c2cd8391f5f6ff77a78f7be3ca2ee,29338332585205852,14972719807,21000
18032997,,0xecdd6c97601cc080ec42fb3d48a9d1b80c5ed3d5bf99bc247a57d7123fb10be6,0x207841b7ae1ae7757b5e8a1672b3f7fc1df60b9d,0x00000000000000adc04c56bf30ac9d3c0aaf14dc,9000000000000000,16418479602,216937
18043479,,0x1d9ade814369a6af8137a1db3da2fe51bf3354db5bb03f7090a9e25dc04dbcb5,0x207841b7ae1ae7757b5e8a1672b3f7fc1df60b9d,0x51de0c0915e2e1aca6f53a3b90ffbe8c79309dc7,3616526037596699,26553692562,21000
18060178,,0x4b87e0c87a288478ddb52fa6451ef5f981bc957b6a52c81084b01d548c923d68,0x207841b7ae1ae7757b5e8a1672b3f7fc1df60b9d,0x306b1ea3ecdf94ab739f1910bbda052ed4a9f949,0,11146615522,69307
18060188,,0x8f649135471756023e884fe7b769520f73d7dc91edfa93cdef87cb7f5d463d57,0x207841b7ae1ae7757b5e8a1672b3f7fc1df60b9d,0xb81965ddfdda3923f292a47a1be83ba3a36b5133,0,10744723081,237555
18065989,,0xccdceb9dac32beca8b09d153304b13cb4a443df7876490a0ef8fddf46259bf0e,0x207841b7ae1ae7757b5e8a1672b3f7fc1df60b9d,0x51de0c0915e2e1aca6f53a3b90ffbe8c79309dc7,1991905300180279,22174206321,21000
18068182,,0x0a6501dad612f6c436f353ce15bee684a56210ba8ed3c3ff0adec5232637a2e2,0x207841b7ae1ae7757b5e8a1672b3f7fc1df60b9d,0xb81965ddfdda3923f292a47a1be83ba3a36b5133,0,12501930260,237537
18068223,,0xa1543281d03fe3133b2db83bd649e7ecafa1d646f6ec65727002600ea4d0227c,0x207841b7ae1ae7757b5e8a1672b3f7fc1df60b9d,0xb81965ddfdda3923f292a47a1be83ba3a36b5133,0,11400077455,237519
18068258,,0x259aff6f7b5e3f26cf720a28a26bb995849aa37d221a2eeb85916e4150b206d1,0x207841b7ae1ae7757b5e8a1672b3f7fc1df60b9d,0x5e5ec06ba26c2cd8391f5f6ff77a78f7be3ca2ee,92535186504668400,11053664658,21000
18068286,,0x642d383b9567de7cc46808f10f4b4272aa3f784fb04c22bf2dd03bbe1578cf3e,0x207841b7ae1ae7757b5e8a1672b3f7fc1df60b9d,0xb81965ddfdda3923f292a47a1be83ba3a36b5133,0,10583099828,237501
18071343,,0x9c3b690dcf81d7442403c7c6c31428ce221f8f28d85b8b4e48ef8d7d121fb91e,0x207841b7ae1ae7757b5e8a1672b3f7fc1df60b9d,0xb81965ddfdda3923f292a47a1be83ba3a36b5133,0,16224899101,237357
18071366,,0x2929e750ed1eb752aaac28f3278023e5128e999bd0e5790996746bd9e589d6a5,0x207841b7ae1ae7757b5e8a1672b3f7fc1df60b9d,0xb81965ddfdda3923f292a47a1be83ba3a36b5133,0,15526910857,237375
18071902,,0xa470af756e88131d5dd2d52c0a177d5d41d769da81595d4c7352c068f37abf55,0x207841b7ae1ae7757b5e8a1672b3f7fc1df60b9d,0x306b1ea3ecdf94ab739f1910bbda052ed4a9f949,0,23061283309,69307
18072029,,0x9943767154a6b3c65341f3ee9772796bf10af3b2b0c7de918b20b7161ebeec57,0x207841b7ae1ae7757b5e8a1672b3f7fc1df60b9d,0x306b1ea3ecdf94ab739f1910bbda052ed4a9f949,0,24673123600,69307
18072085,,0x28ec369ea089d64554e8c07542a659fbc033d80cfa52273b12e9b7c5de38222a,0x207841b7ae1ae7757b5e8a1672b3f7fc1df60b9d,0x2079812353e2c9409a788fbf5f383fa62ad85be8,0,20800355312,69994
18072494,,0xbfff6071c6ab1a6c888c661549c5f34a70be7e8820ee7b1cfa64584c5ba4e7c7,0x207841b7ae1ae7757b5e8a1672b3f7fc1df60b9d,0xe52cec0e90115abeb3304baa36bc2655731f7934,0,14399049711,706881
18072507,,0x532d28085cb5743d20f860adb37d680ee1bfdccfa7b632567400bd6f06051695,0x207841b7ae1ae7757b5e8a1672b3f7fc1df60b9d,0xc02aaa39b223fe8d0a0e5c4f27ead9083c756cc2,0,16112507568,41777
18072526,,0x0e05a99955c0176743274b3fa3a4572be37b9d65c9126f34a15eeb0b4ed9cf09,0x207841b7ae1ae7757b5e8a1672b3f7fc1df60b9d,0x00000000000000adc04c56bf30ac9d3c0aaf14dc,100000000000000000,17088444208,232615
18072542,,0x785d00fd13f7266df8269aee8ee109d3255f23cf660df7108b129ba7f4589db3,0x207841b7ae1ae7757b5e8a1672b3f7fc1df60b9d,0x51de0c0915e2e1aca6f53a3b90ffbe8c79309dc7,30667791152340000,21135409500,21000
18073560,,0xf3b9dbcc36ab6a99fc779aef1e10789cf3d972adc12dd74a54f9b0e5cae45ba4,0x207841b7ae1ae7757b5e8a1672b3f7fc1df60b9d,0x51de0c0915e2e1aca6f53a3b90ffbe8c79309dc7,14053124103993810,28969675731,21000
18122470,,0xabb13e9e59eaebe1a3ff8068640e3f033985b3790dd4ec01f8852c97c60d7aeb,0x207841b7ae1ae7757b5e8a1672b3f7fc1df60b9d,0x00000000000000adc04c56bf30ac9d3c0aaf14dc,33000000000000000,17844982132,190699
18122500,,0xcf2eaaa5d8a5faa426df1c6510868e3cb41112cb189e88544d2b4ef1b1fbb8d7,0x207841b7ae1ae7757b5e8a1672b3f7fc1df60b9d,0x745735600dcf9562060becdae9a1a0afffcd9cf6,0,18392158035,69279
18122511,,0x196296d9074ebcc7cc357f80f6a6d19c718031b392db178af2e4b7527bde4359,0x207841b7ae1ae7757b5e8a1672b3f7fc1df60b9d,0xe6d115a05a6483b9969e97553ed23111705afb57,0,18477580697,153898
18139227,,0x29e9cf97ed9aea82c5fb10f222e0a84312788d1834d9c27d129a3752f41f5267,0x207841b7ae1ae7757b5e8a1672b3f7fc1df60b9d,0xab57c6dfc06d7446093238a45a1be1e619fd24f8,8500000000000000,11188922245,59229
18142548,,0x5111c6d31b96c082557f971d1cde86d0515bf4c57f1a574fd72746d05d4b1b4f,0x207841b7ae1ae7757b5e8a1672b3f7fc1df60b9d,0xe6d115a05a6483b9969e97553ed23111705afb57,0,17181963327,109833
18142552,,0xc5b71f0a6071aefd9e039dda8f73848d3d9aa1633ec972538ee3218bc28ce412,0x207841b7ae1ae7757b5e8a1672b3f7fc1df60b9d,0x4b6f6384dec6c8949c95259ff599d84cb3801623,0,15915479855,99867
18174840,,0x5c29697fa1e70a2d8da2c437253c2598b8d9f01907917d7f1874c66c1b2b8126,0x207841b7ae1ae7757b5e8a1672b3f7fc1df60b9d,0x00000000000000adc04c56bf30ac9d3c0aaf14dc,33000000000000000,10360445003,190699
18174850,,0xdcc358ca667e89b8eb0b78da279591777678aefab4d5c29b04d078907b320a3f,0x207841b7ae1ae7757b5e8a1672b3f7fc1df60b9d,0xe6d115a05a6483b9969e97553ed23111705afb57,0,10535896670,153898
18174864,,0x04cd1d1bb8beaff2c232f27eda8aa997e77221107529bf0041b40aeffebabff5,0x207841b7ae1ae7757b5e8a1672b3f7fc1df60b9d,0x00000000000000adc04c56bf30ac9d3c0aaf14dc,33000000000000000,11078814009,190717
18174873,,0x96ad1f90a849d33d8af956cc8c03fc26ddd5b3dc24eed506b8a20177e714c987,0x207841b7ae1ae7757b5e8a1672b3f7fc1df60b9d,0xe6d115a05a6483b9969e97553ed23111705afb57,0,10825350943,153898
18178159,,0xbbe0e9f98f6f1c01a89154241e86cd4a5b4219c60400b3e0ab0b40d3c8dc4379,0x207841b7ae1ae7757b5e8a1672b3f7fc1df60b9d,0xc6e606b26a2281c57f97842d36a0471e29697845,36207203392429000,19359972601,21000
18207855,,0xa58224fefa2c87ae5ef67a12ed03b788761e9389c997c23bee2b9d91be309452,0x207841b7ae1ae7757b5e8a1672b3f7fc1df60b9d,0x51de0c0915e2e1aca6f53a3b90ffbe8c79309dc7,21715660056047406,8818581905,21000
18219480,,0xc46a73620f9a762cb228c7435ba16e56511d4bb79b404f29708c62e27be6fe9c,0x207841b7ae1ae7757b5e8a1672b3f7fc1df60b9d,0xc02aaa39b223fe8d0a0e5c4f27ead9083c756cc2,146663000000000000,20767335991,52244
18219485,,0xb41525da3927a7dbaae7e45cc748cb07a08cf8562b76fb9bbb9cc7965069a64f,0x207841b7ae1ae7757b5e8a1672b3f7fc1df60b9d,0xc02aaa39b223fe8d0a0e5c4f27ead9083c756cc2,0,12817922394,69546
18219490,,0x55219bffbeb1e0443a356adb4beeedcaf8ff991b460c6129a3163bcf95f7fd86,0x207841b7ae1ae7757b5e8a1672b3f7fc1df60b9d,0xe52cec0e90115abeb3304baa36bc2655731f7934,0,12953426342,393813
18219533,,0x707fe82b21360663f5d48341754c662ccbd51e685aa1e9ed332ca7d3323d3d10,0x207841b7ae1ae7757b5e8a1672b3f7fc1df60b9d,0x51de0c0915e2e1aca6f53a3b90ffbe8c79309dc7,21515490709245166,12481101946,21000
18230925,,0x05f1f861bb87b51160f1cf7405d275645dc21b6a1443b3657ae67464b523049b,0x207841b7ae1ae7757b5e8a1672b3f7fc1df60b9d,0x8252df1d8b29057d1afe3062bf5a64d503152bc8,0,7575734576,768772
18230936,,0xfb9c46e2ca9e2da95dacc92e16c2e50414e1c7299b7ceebe6b3f2e614aed1583,0x207841b7ae1ae7757b5e8a1672b3f7fc1df60b9d,0xc02aaa39b223fe8d0a0e5c4f27ead9083c756cc2,0,10816641119,41805
18230943,,0x6533ed7d8cfbb67d77bc36fa3258970f75fcec95232d2fa5c70383f02abb80fb,0x207841b7ae1ae7757b5e8a1672b3f7fc1df60b9d,0x51de0c0915e2e1aca6f53a3b90ffbe8c79309dc7,62474619685750000,7663115820,21000
18232075,,0x2af1bcfca301b7219a6dc58e8d4cf8e3ab6089d376a192d8a4c6d18d864f8de9,0x207841b7ae1ae7757b5e8a1672b3f7fc1df60b9d,0x00000000000000adc04c56bf30ac9d3c0aaf14dc,33000000000000000,7276739718,193999
18232124,,0x54ca783d62c9dba16bd7b366a5d0077503b4666a022f65bff8ef67c57878f09d,0x207841b7ae1ae7757b5e8a1672b3f7fc1df60b9d,0xadbd832e48c2bca6bed76b3ba06e9d41808953b5,0,7462949297,506476
18235331,,0x9af60baa3d7f049325ee71b3d56d025f921045178eadcd4fd7dc90b923688ec1,0x207841b7ae1ae7757b5e8a1672b3f7fc1df60b9d,0x51de0c0915e2e1aca6f53a3b90ffbe8c79309dc7,12059453103802000,36076783680,21000
18244805,,0xa0900c3fb88a85eeeb42395ccb0f93e2df3ca53c9c2fb224263b812f76aafb91,0x207841b7ae1ae7757b5e8a1672b3f7fc1df60b9d,0x51de0c0915e2e1aca6f53a3b90ffbe8c79309dc7,19793250501578962,7772088605,21000
18256421,,0xb981f200fdcb61162fb687c9c93abf2a862c80e079741e458dbae7a45baec63a,0x207841b7ae1ae7757b5e8a1672b3f7fc1df60b9d,0xe6d115a05a6483b9969e97553ed23111705afb57,0,10805038525,153898
18256457,,0xa20d861abd9c8318af1974b6c47b195c1f413893ce615b9520b183e24cc7cb05,0x207841b7ae1ae7757b5e8a1672b3f7fc1df60b9d,0x898f7f3e6c676d0cb5dedd04676d848788bcc38a,0,11003693234,106941
18256466,,0xcf65f04d41a5d3c585b908abea9d92ea8e6b55d9a131e909623c2ec772f9b8c1,0x207841b7ae1ae7757b5e8a1672b3f7fc1df60b9d,0xadbd832e48c2bca6bed76b3ba06e9d41808953b5,0,10427235638,174240
18257143,,0x3e9ef84b64e5ef524e376d8b7a447777bb1975ec5c8b617aff68fe61edff2f1e,0x207841b7ae1ae7757b5e8a1672b3f7fc1df60b9d,0x51de0c0915e2e1aca6f53a3b90ffbe8c79309dc7,3199101987043819,9126742878,21000
18296879,,0xfbc1f424181e8fd2cc0d923d5377e85c2d1c8deeebf90853ef376d7ac2cde483,0x207841b7ae1ae7757b5e8a1672b3f7fc1df60b9d,0xc02aaa39b223fe8d0a0e5c4f27ead9083c756cc2,122300000000000000,13871017542,52244
18296886,,0x86ae1d23911c9aebacf65f69bad63e5154e38cc2ba4054fcd9f961a9621d197f,0x207841b7ae1ae7757b5e8a1672b3f7fc1df60b9d,0xc02aaa39b223fe8d0a0e5c4f27ead9083c756cc2,0,10539035061,69546
18296903,,0x62f2fd20df5d08298bee6768b8ee7429dab5026de8bbcca67d7b937f3ccd43f5,0x207841b7ae1ae7757b5e8a1672b3f7fc1df60b9d,0x8252df1d8b29057d1afe3062bf5a64d503152bc8,0,10032124085,393813
18302736,,0x64290871a15d887fb6a44bc49e6c2543289b766b30090bb31738d3a7e758a79b,0x207841b7ae1ae7757b5e8a1672b3f7fc1df60b9d,0x8252df1d8b29057d1afe3062bf5a64d503152bc8,0,6513381627,711660
18302744,,0xb9b7189f2949492973e3fb23b139113342171b6d9fd48aed2f3afc83ffbe6af6,0x207841b7ae1ae7757b5e8a1672b3f7fc1df60b9d,0xc02aaa39b223fe8d0a0e5c4f27ead9083c756cc2,0,8608696942,41805
18302756,,0xa876397058e34fd029e1dbc0bb790cae9015e8997c30ec615e027b21e34fba98,0x207841b7ae1ae7757b5e8a1672b3f7fc1df60b9d,0x51de0c0915e2e1aca6f53a3b90ffbe8c79309dc7,21344001268443000,6601096231,21000
18303338,,0x9d169afc1d3e9414203463491f09ebd41a99d4ed39586fee1775430cdf83413b,0x207841b7ae1ae7757b5e8a1672b3f7fc1df60b9d,0xc02aaa39b223fe8d0a0e5c4f27ead9083c756cc2,60000000000000000,6659184783,67557
18306362,,0x8e7b05455c7a3462719490889615cacbdb9a62bf9c98d018e4cf247cf701c147,0x207841b7ae1ae7757b5e8a1672b3f7fc1df60b9d,0xc02aaa39b223fe8d0a0e5c4f27ead9083c756cc2,40000000000000000,10205208815,32408
18309502,,0x99fd610dd5fceed8a426256802d5bb7fa00f6e8a04463a8737fdbfd18a3bb6b9,0x207841b7ae1ae7757b5e8a1672b3f7fc1df60b9d,0x51de0c0915e2e1aca6f53a3b90ffbe8c79309dc7,12306783499064000,7738797609,21000
18313328,,0x6ee23944f3620033f642596c46a77831456529de0bbf7cac06604dafa5691044,0x207841b7ae1ae7757b5e8a1672b3f7fc1df60b9d,0xc02aaa39b223fe8d0a0e5c4f27ead9083c756cc2,0,7065185383,41791
18313340,,0x80e17393563efdd33ce08ddeb6d9cd5d8333e18ad36551e78c212b0a9934e63b,0x207841b7ae1ae7757b5e8a1672b3f7fc1df60b9d,0xc02aaa39b223fe8d0a0e5c4f27ead9083c756cc2,0,10389002581,41791
18314052,,0xdeb87e7c76f595b0e4eb422ac77588b8cf3edbcb16b077763664be6c08bc8692,0x207841b7ae1ae7757b5e8a1672b3f7fc1df60b9d,0x51de0c0915e2e1aca6f53a3b90ffbe8c79309dc7,31673735188569582,16525043360,21000
18316544,,0xcbd706f34bb56469802dbce72ab4a2d3931623238d8425cd144ae19a953e8046,0x207841b7ae1ae7757b5e8a1672b3f7fc1df60b9d,0x00000000000000adc04c56bf30ac9d3c0aaf14dc,69000000000000000,5812499149,216955
18317423,,0xd275f0925597a5d2b75e942aee5316e072c64835b8cd03ecfc05ee190b8fdfe9,0x207841b7ae1ae7757b5e8a1672b3f7fc1df60b9d,0x51de0c0915e2e1aca6f53a3b90ffbe8c79309dc7,7359640689697256,6276344111,21000
18417900,,0x14bfd498829953ec37dc37c4e1d1b79bcea761462b22541926842c498c4fc7ef,0x207841b7ae1ae7757b5e8a1672b3f7fc1df60b9d,0xc02aaa39b223fe8d0a0e5c4f27ead9083c756cc2,147500000000000000,31873531942,52244
18417919,,0x5801fdffe4abaf9859f826d0e9d72471a73fdff735af250f59cdf6b6aed7b86c,0x207841b7ae1ae7757b5e8a1672b3f7fc1df60b9d,0x8252df1d8b29057d1afe3062bf5a64d503152bc8,0,19051554800,341304
18417995,,0xc7e9304e9a03bcb6ba38ef13089a586ebfeb124b661977022063f6fbeba0ebf2,0x207841b7ae1ae7757b5e8a1672b3f7fc1df60b9d,0x306b1ea3ecdf94ab739f1910bbda052ed4a9f949,0,17476783456,60066
18418089,,0xc989b89e485face68de7c9f8dcf7bb11f634ccb1e3ad2d46f6ae3ba8d2be0ca1,0x207841b7ae1ae7757b5e8a1672b3f7fc1df60b9d,0xd0a40eb7fd94ee97102ba8e9342243a2b2e22207,0,13588967970,638670
18418132,,0x46e74835c89b245fe818b2879f9d528892a1290650640a6e88e93ab7635bab53,0x207841b7ae1ae7757b5e8a1672b3f7fc1df60b9d,0xc02aaa39b223fe8d0a0e5c4f27ead9083c756cc2,0,23065594901,41791
18418139,,0x73c3f3bb4bc92303b1f8962f5986ccbc63fc81182faa8010957a32dd0eb6dc0c,0x207841b7ae1ae7757b5e8a1672b3f7fc1df60b9d,0x51de0c0915e2e1aca6f53a3b90ffbe8c79309dc7,151772732425965128,14583959098,21000
18518805,,0x1e31a138c5fad6911c79c29289a38de9bbb5b1d26e2700400f9361a3ac7c6e09,0x207841b7ae1ae7757b5e8a1672b3f7fc1df60b9d,0x00000000000000adc04c56bf30ac9d3c0aaf14dc,21000000000000000,19890511392,603042
18524197,,0x7bb4738390f1a80beb01f585e1361dd596341103c84dc0d4dcf8dc6182a19ad8,0x207841b7ae1ae7757b5e8a1672b3f7fc1df60b9d,0xadbd832e48c2bca6bed76b3ba06e9d41808953b5,0,17250539811,294985
18524834,,0x84a91070aaeaf596dacda41c33926658146d45c5b044e3dc9341d0f5ec521861,0x207841b7ae1ae7757b5e8a1672b3f7fc1df60b9d,0xab57c6dfc06d7446093238a45a1be1e619fd24f8,1,23831549839,51331
18524853,,0x6613365c0233fba4fcfe488d4fde4f5e458ac32110e3fd2df80600653cc258c6,0x207841b7ae1ae7757b5e8a1672b3f7fc1df60b9d,0xab57c6dfc06d7446093238a45a1be1e619fd24f8,1,21801590921,51331
18590362,,0xb7d092647270ef984a1a1715a873714101b4cf6c24830e79411d753acab3b8e6,0x207841b7ae1ae7757b5e8a1672b3f7fc1df60b9d,0xab57c6dfc06d7446093238a45a1be1e619fd24f8,1,17498173475,50715
18624259,,0x4ae190872721a9b9150f49b7604a2f1f5bf13d61502bccb8a85de8576739e136,0x207841b7ae1ae7757b5e8a1672b3f7fc1df60b9d,0xc02aaa39b223fe8d0a0e5c4f27ead9083c756cc2,156000000000000000,39046039549,52244
18624266,,0xdbbc470b57b479a1c3b9412788202d2805d9ac106f17f4096881405db394bcb0,0x207841b7ae1ae7757b5e8a1672b3f7fc1df60b9d,0xc02aaa39b223fe8d0a0e5c4f27ead9083c756cc2,0,29239853949,60273
18624285,,0x525c97ba5f335dc1d182b304a759943d17f0bd5f3214d3ab9f329c19772e2583,0x207841b7ae1ae7757b5e8a1672b3f7fc1df60b9d,0xd0a40eb7fd94ee97102ba8e9342243a2b2e22207,0,27731295899,295878
18625380,,0xb43a8af7010db09eb28db151025e879028fb887557a4729b1fc11e02f3a2e67b,0x207841b7ae1ae7757b5e8a1672b3f7fc1df60b9d,0xab57c6dfc06d7446093238a45a1be1e619fd24f8,1,23763377069,50715
18636871,,0xd2f00d8c14d109e41f3871ff9cd7f49fd23cdcb82fb87649f54c5937466e3d74,0x207841b7ae1ae7757b5e8a1672b3f7fc1df60b9d,0x00000000000000adc04c56bf30ac9d3c0aaf14dc,12000000000000000,23976338592,329264
18645638,,0x69b17eeb0d3bdf1a3298878ced67bbdbda5d450f07eb06bf5d5ff83ed423efaa,0x207841b7ae1ae7757b5e8a1672b3f7fc1df60b9d,0xc02aaa39b223fe8d0a0e5c4f27ead9083c756cc2,10000000000000000,25857421039,32408
18645735,,0x1fa19589ebc13ed6ed77c73c31fd3e5880da5f6f846e7532860f7b7e7cf30319,0x207841b7ae1ae7757b5e8a1672b3f7fc1df60b9d,0x306b1ea3ecdf94ab739f1910bbda052ed4a9f949,0,23581564987,59957
18668361,,0x77668214fc38615a6fd524548ae50acb5e55e099769c429db78bd290bf7e9e71,0x207841b7ae1ae7757b5e8a1672b3f7fc1df60b9d,0xab57c6dfc06d7446093238a45a1be1e619fd24f8,8500000000000000,27882610723,51871
18672703,,0x2c008e470f883611dbb68f9a8abcc0ef399aa0c02bb83c9f958fb1f94af4884c,0x207841b7ae1ae7757b5e8a1672b3f7fc1df60b9d,0x306b1ea3ecdf94ab739f1910bbda052ed4a9f949,0,43751964236,60066
18672704,,0x6c9158d6601952896f5d59309e1d5cbbaf466bbb6843b605c2c4af5f03100da9,0x207841b7ae1ae7757b5e8a1672b3f7fc1df60b9d,0x306b1ea3ecdf94ab739f1910bbda052ed4a9f949,0,45204041764,60066
18677794,,0x40c212803bca6b5a7cfb000fa14a7107217dc0aa03222efb3ba60a647b843d0c,0x207841b7ae1ae7757b5e8a1672b3f7fc1df60b9d,0x51de0c0915e2e1aca6f53a3b90ffbe8c79309dc7,11292026372345463,45402961812,21000
18678765,,0x6264b3624310188f4698452c708fcb2152ca5b39c4ec2170c872f9c84bdb0a36,0x207841b7ae1ae7757b5e8a1672b3f7fc1df60b9d,0x51de0c0915e2e1aca6f53a3b90ffbe8c79309dc7,4952611666752927,43816700384,21000
18719981,,0x311a65a847b53ebaa5e2767f38c5bd2a043cd65b0d67c991f302368a93f5577f,0x207841b7ae1ae7757b5e8a1672b3f7fc1df60b9d,0xd0c6e59b50c32530c627107f50acc71958c4341f,0,48443717821,590287
18719988,,0xa5344df50d4af362d6d15d03f62b7037a42d1b40a1e72185c2921377cfad91c3,0x207841b7ae1ae7757b5e8a1672b3f7fc1df60b9d,0xc02aaa39b223fe8d0a0e5c4f27ead9083c756cc2,0,60557366557,41791
18719998,,0x9c4dd80aa4848ee11b11934ee4698249d21e15f994426776029c8a6d5ecaf956,0x207841b7ae1ae7757b5e8a1672b3f7fc1df60b9d,0x886478d3cf9581b624cb35b5446693fc8a58b787,50000000000000000,48599723266,21000
18720014,,0xfe34d5fecc80204d71452990a28d8c222c5bb65c54a589ffd228676e3c3592d5,0x207841b7ae1ae7757b5e8a1672b3f7fc1df60b9d,0x51de0c0915e2e1aca6f53a3b90ffbe8c79309dc7,48962604810578400,61314555459,21000
18720021,,0x2052bc741a3067c57df8761c7147b42a6e90dcaf0ca05f45202ff182296805b4,0x207841b7ae1ae7757b5e8a1672b3f7fc1df60b9d,0x5e5ec06ba26c2cd8391f5f6ff77a78f7be3ca2ee,22680005533920000,61641564901,21000
18733302,,0x4987ea5092c862dd552c646c38ddf57508d17c190f02ed880a94b4f4b457188c,0x207841b7ae1ae7757b5e8a1672b3f7fc1df60b9d,0x00000000000000adc04c56bf30ac9d3c0aaf14dc,16000000000000000,30658058308,509083
18744162,,0xa5babe87257e2b99a610b29b23fc7085aa323602f2831c0ef1a343b489604ce9,0x207841b7ae1ae7757b5e8a1672b3f7fc1df60b9d,0x51de0c0915e2e1aca6f53a3b90ffbe8c79309dc7,11647850395256134,45651602399,21000
18775225,,0xe9f54972bde4cf744d43aff7757fb2200afc7d38fb5312ff68a642defe2d205e,0x207841b7ae1ae7757b5e8a1672b3f7fc1df60b9d,0xbc13cdbf9cc107a04be2070f068690b7e7412868,0,36811946312,178477
18775254,,0xbe2d6c5ccf6dd14d4ccc5095ed7ee383fb373960a3c11657b9a8fbb2e6288f0f,0x207841b7ae1ae7757b5e8a1672b3f7fc1df60b9d,0xbc13cdbf9cc107a04be2070f068690b7e7412868,0,33562282404,156247
18783471,,0xce8bc75155e6666c095b483ef2b1b9e5f52d5b9ef73d4ef305ccc16a139fcd2a,0x207841b7ae1ae7757b5e8a1672b3f7fc1df60b9d,0x00000000000000adc04c56bf30ac9d3c0aaf14dc,4500000000000000,42423383038,179892
18786444,,0xc45924dd676e426471a5cee812e6734a73fb4982d1227fb796684c20fe3245b5,0x207841b7ae1ae7757b5e8a1672b3f7fc1df60b9d,0x51de0c0915e2e1aca6f53a3b90ffbe8c79309dc7,9256049221828856,50901496215,21000
18819857,,0x7e49c04505c4341fb9dd4ced506026a94f8db0c718f086c5278f0bdae18e56a5,0x207841b7ae1ae7757b5e8a1672b3f7fc1df60b9d,0x4a189070211d0033e02a32943ee59a6fb5b466d4,18352218526157000,51905283254,21000
18824797,,0xf5f268c3c3fa4417e9b767aa812c7b2422f1921bbf8a2959a8bd2cb8a996d6dc,0x207841b7ae1ae7757b5e8a1672b3f7fc1df60b9d,0xe6d115a05a6483b9969e97553ed23111705afb57,0,40115059931,71884
18824806,,0xd768ce6e2ba0b7c35a500406dedcc449f030290a6cadc8b29e7f4bd3045ad73a,0x207841b7ae1ae7757b5e8a1672b3f7fc1df60b9d,0xe6d115a05a6483b9969e97553ed23111705afb57,0,34737377106,71884
18845335,,0xb02abd508a7d1627848ab05378230ece4aed1a87d195ebbb5dda4059833a0c0a,0x207841b7ae1ae7757b5e8a1672b3f7fc1df60b9d,0x51de0c0915e2e1aca6f53a3b90ffbe8c79309dc7,1391981319645627,20595222924,21000
18846935,,0xaa546e9a2a0da38a37fd329d5d44f1fca46ecdb7a8e6b7edbc60c51ef89655ba,0x207841b7ae1ae7757b5e8a1672b3f7fc1df60b9d,0xa0c68c638235ee32657e8f720a23cec1bfc77c77,6000000000000000,18229468783,111108
18847131,,0x85912f8dbaa0850510fec6ceb9a3c754f927374db6ea6d4fdf90e30f5d344579,0x207841b7ae1ae7757b5e8a1672b3f7fc1df60b9d,0x00000000000000adc04c56bf30ac9d3c0aaf14dc,5000000000000000,18786745820,204627
18847307,,0xcb10fd9b40f7a7d7f9d7a689391fe916c84b19c34539a2737c423f29cec00228,0x207841b7ae1ae7757b5e8a1672b3f7fc1df60b9d,0x00000000000000adc04c56bf30ac9d3c0aaf14dc,16000000000000000,18254211063,187045
18850391,,0x297ae929a89b3ac01f576f44cc487c02e4af79fb00133ec57000446af67a487b,0x207841b7ae1ae7757b5e8a1672b3f7fc1df60b9d,0x51de0c0915e2e1aca6f53a3b90ffbe8c79309dc7,5182634655975663,20907493252,21000
18858219,,0x6072df0f067755ce68c62c34f859cc319157ce045e115ca2fcf22c89ae174349,0x207841b7ae1ae7757b5e8a1672b3f7fc1df60b9d,0xe6d115a05a6483b9969e97553ed23111705afb57,0,20625578762,94468
18858367,,0x6ed205bae087f3451eac4d7474f6a489b013bb37dedbbfd668d7901d31c72fb7,0x207841b7ae1ae7757b5e8a1672b3f7fc1df60b9d,0xadbd832e48c2bca6bed76b3ba06e9d41808953b5,0,19756316860,99343
18866159,,0xfb6bbe6b0c5fad61a20658191ead31f4baf8d878a6daf090083f93a99475e69a,0x207841b7ae1ae7757b5e8a1672b3f7fc1df60b9d,0x51de0c0915e2e1aca6f53a3b90ffbe8c79309dc7,3001238523706842,12746122770,21000
18906561,,0x2d78cebc0fb17a474a21d81a85f25a33b6c68e27666e12766d646e70300bb43f,0x207841b7ae1ae7757b5e8a1672b3f7fc1df60b9d,0x00000000000000adc04c56bf30ac9d3c0aaf14dc,0,15333006558,284202
18907087,,0x6a56470e58dc7a8ccd75312906505d8043d0440e2813d5ccbc31fe8387c8cd2d,0x207841b7ae1ae7757b5e8a1672b3f7fc1df60b9d,0x00000000000000adc04c56bf30ac9d3c0aaf14dc,0,16270008734,284202
18907091,,0x8200dcd65a143352442696a42835af0fe5b9e3b960c7ff2a20468db72d5e71d3,0x207841b7ae1ae7757b5e8a1672b3f7fc1df60b9d,0xc02aaa39b223fe8d0a0e5c4f27ead9083c756cc2,0,20453071885,41777
18907511,,0x6d879967803bffc67baaf2391d3a226b7a27d1d89e64d00f346ec8e7bfd34e17,0x207841b7ae1ae7757b5e8a1672b3f7fc1df60b9d,0x51de0c0915e2e1aca6f53a3b90ffbe8c79309dc7,64809568319882758,15640501037,21000
18969012,,0x65876c803b1306706e3639d86f8ef8ce5808471f2a75bc8723955dd325894c65,0x207841b7ae1ae7757b5e8a1672b3f7fc1df60b9d,0xf098f32faa2ed72562b877147212f24c6131d5a7,33109481292054800,13274090539,21000
18970477,,0x20eb9f3c942ca93c15be63d03bbb9d7c812e3d635c6b3bf3f96c9da378405732,0x207841b7ae1ae7757b5e8a1672b3f7fc1df60b9d,0x5f4e7cadb8d36fa1463e6fd39d419e41a8b052a3,16975539015937200,31167586558,21000
18970535,,0x3b7d211cb46f6558e6e57141e271269d7f14c9f07c23dfed6aa54120c0893e61,0x5f4e7cadb8d36fa1463e6fd39d419e41a8b052a3,0x207841b7ae1ae7757b5e8a1672b3f7fc1df60b9d,15497971979666663,22268133290,23100
18970576,,0x924480b547203d5020fbd8d7ce47fb128947db090bc2e03090cd501a56397769,0x207841b7ae1ae7757b5e8a1672b3f7fc1df60b9d,0x51de0c0915e2e1aca6f53a3b90ffbe8c79309dc7,15016900380140663,22562741428,21000